ID,File Name,Command,Alt Text
gid://shopify/MediaImage/29621144125595,10-Teen-link-image.jpg,UPDATE,"Girl in striped pyjamas lying on a sofa with green headphones, holding a teal Voxblock player"
gid://shopify/MediaImage/30608567107739,10-teens-image-link-category-200x150.jpg,UPDATE,Older child relaxing on a sofa with headphones and a teal Voxblock audiobook player
gid://shopify/MediaImage/27753399058587,2-4.png,UPDATE,"A Voxblock listening token, a holographic coin marked One Voxblock Token"
gid://shopify/MediaImage/28197594824859,2023_BADGE_-_main_silver-2-2.png,UPDATE,Absolutely Mama Awards 2023 silver winner badge
gid://shopify/MediaImage/30608552099995,5-8years-image-link-category-200x150.jpg,UPDATE,"Boy sitting on a rug among toy cars and blocks, wearing headphones and holding a red Voxblock player"
gid://shopify/MediaImage/30608564027547,8-10years-image-link-category-200x150.jpg,UPDATE,"Boy in star-print pyjamas beside a bookshelf, holding a teal Voxblock player"
gid://shopify/MediaImage/64879110979968,Comparison_table.png,UPDATE,"Table comparing Voxblock, Yoto and Tonies on wifi, apps, physical books and setup"
gid://shopify/MediaImage/67199912018304,Email_Christmas_Banner_2.png,UPDATE,Boxing Day Sale banner offering 20% off Voxblock players
gid://shopify/MediaImage/65442197340544,Facebook_community.png,UPDATE,Collage of customer photographs of children using Voxblock players at home
gid://shopify/MediaImage/28000501039259,GOOD_PLAY_GUIDE-01_copy.png,UPDATE,Good Play Guide Toy Recommended badge
gid://shopify/MediaImage/31198149050523,Good_Play_Guide_Recommended_Stamp.png,UPDATE,Good Play Guide Recommended stamp
gid://shopify/MediaImage/29621144748187,Homepage-Literacy-1000x1200.jpg,UPDATE,Young child drawing at a table while a green Voxblock player plays The Jungle Book
gid://shopify/MediaImage/29621145043099,Homepage-Reveal-mobile-1125x2000.jpg,UPDATE,"Boy sitting on a rug with green headphones, holding a red Voxblock player"
gid://shopify/MediaImage/29621144912027,Homepage-Reveal_Image-3200x1600.jpg,UPDATE,"Boy playing on the floor with toy cars and blocks, listening to a red Voxblock player through headphones"
gid://shopify/MediaImage/29621144944795,Homepage-Travel-1000x1200.jpg,UPDATE,Child's hands holding a red Voxblock player with an audiobook slotted in
gid://shopify/MediaImage/29621145206939,Homepage-UGC-Collection-1200x1400.jpg,UPDATE,Child on the floor with the Voxblock Collection poster and a spread of audiobooks
gid://shopify/MediaImage/29621145174171,Homepage-UGC-Headphones-1200x1400.jpg,UPDATE,"Toddler wearing headphones in front of a bookcase, with a red Voxblock player and audiobooks"
gid://shopify/MediaImage/29621145075867,Homepage-UGC-In_Car-1200x1400.jpg,UPDATE,Child in a car seat holding a teal Voxblock player playing a Mina Mistry audiobook
gid://shopify/MediaImage/29621145141403,Homepage-UGC-Tokens-1200x1400.jpg,UPDATE,Smiling girl on the stairs beside a Voxblock player and a row of listening tokens
gid://shopify/MediaImage/29621145239707,Homepage-UGC-listening-1200x1400.jpg,UPDATE,Girl lying among soft toys listening to a green Voxblock player
gid://shopify/MediaImage/29621145010331,Homepage-wifi_free-1000x1200.jpg,UPDATE,"Boy in a play tent wearing headphones, holding a red Voxblock player playing Old Bear"
gid://shopify/MediaImage/28990609817755,IMG_5604.jpg,UPDATE,"Voxblock player playing The Gruffalo, surrounded by audiobooks, pens and a book-cover worksheet"
gid://shopify/MediaImage/64922524057984,INDY-Best-AFI.png,UPDATE,"As featured in IndyBest, The Independent, 2025"
gid://shopify/MediaImage/30758742720667,Indy_AsFeaturedIn_2024.png,UPDATE,"As featured in IndyBest, The Independent, 2024"
gid://shopify/MediaImage/64884515668352,Insert_57919958-fc5d-484c-897a-f943e176bc71.png,UPDATE,Icon of an arrow pointing down into a tray
gid://shopify/MediaImage/28296490451099,JDA_2023_Logo_Silver_2ca8e977-0c5b-4e18-93bc-9b33e69137f0.png,UPDATE,Junior Design Awards 2023 Silver winner badge
gid://shopify/MediaImage/64905501016448,Lifestyle_landing_page.png,UPDATE,"Boy sitting on a rug with green headphones, holding a red Voxblock player"
gid://shopify/MediaImage/64884520812928,Listen.png,UPDATE,Icon of a pair of headphones with a musical note
gid://shopify/MediaImage/64884518650240,Play.png,UPDATE,Play button icon
gid://shopify/MediaImage/29621144191131,Player-FRONT-and_books-lifestyle-TEST2-Current_View.jpg,UPDATE,"Voxblock player with a red bumper on an orange podium, playing George's Marvellous Medicine"
gid://shopify/MediaImage/29621144158363,Player-FRONT-and_books-lifestyle-mobile.jpg,UPDATE,"Voxblock player with a red bumper playing George's Marvellous Medicine, on a teal background"
gid://shopify/MediaImage/64322614952320,SFS-home-page-image.png,UPDATE,"Stories for Schools banner with the Scottish Book Trust, offering five mini school packs to give away"
gid://shopify/MediaImage/29621145305243,SP_Page-Hero_Image-3200x1300.jpg,UPDATE,"Voxblock player with a green bumper playing Matilda, beside two Roald Dahl audiobooks"
gid://shopify/MediaImage/29621145272475,SP_Page-Hero_Image-mob-1300x1600.jpg,UPDATE,"Voxblock player playing Charlie and the Chocolate Factory, beside two Roald Dahl audiobooks"
gid://shopify/MediaImage/28275156746395,Schools-_example_medium_pack_Sep_23.jpg,UPDATE,"Example medium school pack at £780: a row of Voxblock players, audiobooks, a charging block and cables"
gid://shopify/MediaImage/66569956589952,Screenshot_2025-10-24_at_09.22.51.png,UPDATE,Graphic reading Drop Everything And Listen
gid://shopify/MediaImage/29261405847707,StarterPack-YoungListeners-ORANGE.png,UPDATE,"Voxblock player with an orange bumper playing A Bear Called Paddington, with Pippi Longstocking and Little Wolf's Book of Badness"
gid://shopify/MediaImage/29952764084379,Summer_email_graphic-05.png,UPDATE,"Banner offering a bonus token with every bundle, showing three audiobooks and Voxblock tokens"
gid://shopify/MediaImage/66102602957184,Tokens-banner-mob-v2.25.jpg,UPDATE,"Sheet of Voxblock listening tokens with a collector card, on an orange background"
gid://shopify/MediaImage/66102597386624,Tokens-banner-web-v2.25.jpg,UPDATE,"Sheet of Voxblock listening tokens with a collector card, on an orange background"
gid://shopify/MediaImage/30758767755419,Toy-Awards-2024-Best-Toy-Brand.png,UPDATE,The Green Parent Toy Awards 2024 Best Toy Brand badge
gid://shopify/MediaImage/29621144027291,Under5s-link-image.jpg,UPDATE,Young girl lying on a playmat with green headphones and a red Voxblock player
gid://shopify/MediaImage/66935771070848,VOX006c-2219.jpg,UPDATE,"Boy lying on a rug at home with blue headphones, a teal Voxblock player and two audiobooks"
gid://shopify/MediaImage/66935783850368,VOX006c-2491.jpg,UPDATE,"Child resting on a chair in pyjamas, listening to a Roald Dahl audiobook on an orange Voxblock player"
gid://shopify/MediaImage/20658569019547,Voxblock-Horizontal-Colour.png,UPDATE,Voxblock logo
gid://shopify/MediaImage/23281951080603,Voxblock-Horizontal-White.png,UPDATE,Voxblock logo in white
gid://shopify/MediaImage/29621145927835,Voxblock-MOBILE-banner.png,UPDATE,"Child holding a Voxblock player playing A Bear Called Paddington, captioned from fairytales to Sherlock Holmes"
gid://shopify/MediaImage/28788182614171,Voxblock_Book_Shelf_2500_x_1184_px.png,UPDATE,A hand picking a Voxblock audiobook from a shelf of audiobook spines
gid://shopify/MediaImage/26675992068251,Voxblock_Logo-02_copy.png,UPDATE,Voxblock logo mark
gid://shopify/MediaImage/29621145600155,Voxblock_Website_Banner_e87a78d7-b21e-4036-a932-b3c44a87e343.png,UPDATE,"Child holding a Voxblock player playing A Bear Called Paddington, captioned from fairytales to Sherlock Holmes"
gid://shopify/MediaImage/28761005555867,Voxblock_for_Schools_8c0b676b-2caa-448a-aa5a-29f2e7e437da.png,UPDATE,"Flatlay of a red Voxblock player, yellow headphones, audiobooks and classroom stationery"
gid://shopify/MediaImage/28772690919579,Voxblock_in_schools_1.png,UPDATE,"School audio treasure trove: a trunk of audiobooks with two Voxblock players, labelled Once upon a time"
gid://shopify/MediaImage/28772690952347,Voxblock_in_schools_2.png,UPDATE,Classroom bookshelves with Voxblock players on each shelf and signs reading Once upon a time and Time to get comfy and listen
gid://shopify/MediaImage/28772690886811,Voxblock_in_schools_3.png,UPDATE,"School reading corner with bookshelves, soft seating and children's artwork on the wall"
gid://shopify/MediaImage/28772690854043,Voxblock_in_schools_4.png,UPDATE,Classroom audiobook display with Audiobooks bunting and Voxblock players charging in cubbyholes
gid://shopify/MediaImage/65441236320640,Voxblock_insider.png,UPDATE,Banner inviting customers to become a Voxblock Insider
gid://shopify/MediaImage/64315221344640,WBD-Landing-Page-SBT.png,UPDATE,In partnership with the Scottish Book Trust
gid://shopify/MediaImage/64315152793984,WBD-Landing-Page-book-launch-1.png,UPDATE,"Three Science for Curious Kids audiobooks: Biology, Chemistry and Physics"
gid://shopify/MediaImage/64238974960000,WBD-Landing-Page-schools.png,UPDATE,Four school children gathered round a table listening to a red Voxblock player
gid://shopify/MediaImage/68029142466944,WBD-SFS-banner-web-v2.26_df4a98b7-eee6-4fcb-97e9-1946803aafa9.png,UPDATE,Stories for Schools banner with Voxblock audiobooks and players
gid://shopify/MediaImage/68029113827712,WBD-giveaway-web-v1.26.png,UPDATE,Voxblock player with teal headphones and the Ember Spark audiobooks
gid://shopify/MediaImage/68029142499712,WBD-header-image-web-v2.26_d58461e7-ec71-490b-90c8-d3b801744706.png,UPDATE,World Book Day 2026 banner with Voxblock audiobooks and players
gid://shopify/MediaImage/68011686560128,WBD-image-double-tokens-web-v2.26.png,UPDATE,"Double Tokens Day, one day only, Thursday 5th March 2026"
gid://shopify/MediaImage/68029330686336,WBD-starter-pack-web-v1.26.png,UPDATE,"Voxblock player with an orange bumper playing Winnie-the-Pooh, with Charlie and the Chocolate Factory and Alice's Adventures in Wonderland"
gid://shopify/MediaImage/27973447418011,Wired-badge-logo.png,UPDATE,WIRED logo
gid://shopify/MediaImage/64507259388288,accessories-banner-v1-web-2025.png,UPDATE,"Flatlay of a Voxblock player with an orange bumper, teal Voxblock headphones, coloured pencils and a Roald Dahl audiobook"
gid://shopify/MediaImage/70321934926208,banner-double-tokens-web-v3.26.png,UPDATE,Double Tokens Day banner
gid://shopify/MediaImage/70321945870720,banner-mob-tokens-v3.26Double_Tokens_Day.png,UPDATE,Double Tokens Day banner
gid://shopify/MediaImage/30608542498971,bestseller-image-link-category-200x150.jpg,UPDATE,Voxblock Bestseller badge
gid://shopify/MediaImage/66112892764544,bundle-banner-web-v1.25.png,UPDATE,Bundle and Save banner: build your player discount based on the number of audiobooks you buy
gid://shopify/MediaImage/66112865665408,bundle-image-15-web-v1.25.png,UPDATE,Save 15%: a Voxblock player with three audiobooks including The Worst Witch and Biology for Curious Kids
gid://shopify/MediaImage/66112863371648,bundle-image-25-web-v1.25.png,UPDATE,Save 25%: a Voxblock player with five audiobooks including The Worst Witch and Charlie and the Chocolate Factory
gid://shopify/MediaImage/66112860684672,bundle-image-50-web-v1.25.png,UPDATE,"Save 50%: a Voxblock player with ten audiobooks including The Worst Witch, The Gruffalo and Famous Five"
gid://shopify/MediaImage/30608571138203,bundle-image-link-category-200x150.jpg,UPDATE,Three Roald Dahl audiobooks including James and the Giant Peach
gid://shopify/MediaImage/27753468362907,collection_card_1.png,UPDATE,"Voxblock token card, front and back: collect ten tokens for a free audiobook, with space for a name and address"
gid://shopify/MediaImage/28253738598555,collection_card_1_720x_78463bdb-734e-4d3c-8c3d-a029297ca016.png,UPDATE,"Voxblock token card, front and back: collect ten tokens for a free audiobook, with space for a name and address"
gid://shopify/MediaImage/28156121120923,evening-standard-standard-co-uk-logo-vector.png,UPDATE,Evening Standard logo
gid://shopify/MediaImage/64468898709888,headphones-lifestyle-web-image-5.png,UPDATE,"Child slotting Charlie and the Chocolate Factory into a Voxblock player, with teal Voxblock headphones alongside"
gid://shopify/MediaImage/66728580743552,home-header-lifestyle-mob-v1.25.png,UPDATE,Two children sharing a Voxblock player playing The Enchanted Wood
gid://shopify/MediaImage/69421435322752,home-header-mob-v2.26.png,UPDATE,"Voxblock player, headphones and a Roald Dahl audiobook packed in a travel case with sunglasses and a towel"
gid://shopify/MediaImage/67692588761472,how-it-works-banner-mob-v1.26.png,UPDATE,"Girl and boy on the floor with headphones, choosing an audiobook for a Voxblock player"
gid://shopify/MediaImage/67692582371712,how-it-works-banner-v1.26.png,UPDATE,"Girl and boy lying on the floor with headphones, a Voxblock player and a stack of audiobooks"
gid://shopify/MediaImage/66713357713792,icon-award-innovation-2025.png,UPDATE,"The Stationers' Company Innovation Excellence Awards 2025, winner for Education Technology"
gid://shopify/MediaImage/67746185871744,icon-reviews-homepage-v1.png,UPDATE,"Five stars, highly rated"
gid://shopify/MediaImage/66102995976576,icon-stamp-v1.25.png,UPDATE,Icon of a postage stamp showing the Voxblock mark
gid://shopify/MediaImage/66102954361216,icon-token-card-v1.25.png,UPDATE,Icon of a Voxblock token collection card
gid://shopify/MediaImage/66102901539200,icon-token-v1.25_000ef63c-edc7-4daa-b23c-3eb59ce95364.png,UPDATE,Icon of a Voxblock token
gid://shopify/MediaImage/64905469198720,icons-landing-page-03.png,UPDATE,Icon of a child standing with arms outstretched
gid://shopify/MediaImage/64905461662080,icons-landing-page-04_1.png,UPDATE,Icon of a hand pressing a button
gid://shopify/MediaImage/64905464414592,icons-landing-page-05_1.png,UPDATE,Icon of an aeroplane
gid://shopify/MediaImage/64891018150272,land-prob-graphic-v1.25.png,UPDATE,"Four benefits of screen-free listening: better sleep, improved focus, healthier eyes and more family time"
gid://shopify/MediaImage/64890853196160,land-sol-connect-featimg-v1.25.png,UPDATE,Child slotting Charlie and the Chocolate Factory into a Voxblock player on a desk with coloured pencils
gid://shopify/MediaImage/64890880885120,land-sol-physical-featimg-v1.25_4029badf-c1ae-432d-a4d1-c466006f2ded.png,UPDATE,Child taking a Voxblock audiobook from a shelf of audiobook spines
gid://shopify/MediaImage/64890855850368,land-sol-simple-featimg-v1.25.png,UPDATE,"Boy sitting on a rug with green headphones, using a red Voxblock player on his own"
gid://shopify/MediaImage/27598818574491,library_banner_-03.png,UPDATE,A row of Voxblock audiobook covers from across the library
gid://shopify/MediaImage/30777317163163,new-image-link-category-200x150.jpg,UPDATE,New
gid://shopify/MediaImage/29621144780955,old-man-thinking-by-the-harbor.jpg,UPDATE,An older man standing with a walking stick on a harbour front at dusk
gid://shopify/MediaImage/30949184045211,older-listeners-header-image-mobile.png,UPDATE,"A row of classic audiobooks for older listeners including Little Women, Pride and Prejudice and War and Peace"
gid://shopify/MediaImage/30949038031003,older-listeners-main-header.png,UPDATE,"A row of classic audiobooks for older listeners including The Great Gatsby, Emma and Rob Roy"
gid://shopify/MediaImage/66155203428736,our-purpose-banner-web-v1.25.png,UPDATE,"Voxblock player, headphones and a Roald Dahl audiobook packed into a travel case"
gid://shopify/MediaImage/66155676205440,our-purpose-carosuel-image-3-v1.25.png,UPDATE,"Boy sitting on a sofa with headphones, holding a Voxblock player playing Charlie and the Chocolate Factory"
gid://shopify/MediaImage/66155666145664,our-purpose-carousel-image-2-v1.25.png,UPDATE,Girl in bed listening to a Roald Dahl audiobook on a Voxblock player
gid://shopify/MediaImage/66155664277888,our-purpose-carousel-image-web-v1.25.png,UPDATE,"Boy in a car seat with headphones, holding a Voxblock player playing The Gruffalo"
gid://shopify/MediaImage/66155246354816,our-purpose-image-web-v1.25.png,UPDATE,Voxblock's two founders standing together at home
gid://shopify/MediaImage/66155987403136,our-purpose-retail-image-web-v1.25.png,UPDATE,Voxblock players and audiobooks on display in a bookshop
gid://shopify/MediaImage/66162074943872,our-purpose-retail-image-web-v1.25_10c0fa88-38ad-4cad-ab48-ebba97d94a76.png,UPDATE,"Girl in glasses resting on a sofa, holding a Voxblock player with an orange bumper"
gid://shopify/MediaImage/66155990548864,our-purpose-schools-image-web-v1.25.png,UPDATE,"Classroom audiobook display with Audiobooks bunting, picture books and Voxblock players in cubbyholes"
gid://shopify/MediaImage/30192039035035,player-adults-lifestyle.png,UPDATE,"Man sitting in an armchair wearing headphones, listening to an audiobook"
gid://shopify/MediaImage/69454111244672,player-web-icon-book-v.26.png,UPDATE,Icon of a Voxblock audiobook
gid://shopify/MediaImage/69454406025600,player-web-icon-listen-v.26.png,UPDATE,Icon of a Voxblock player with musical notes
gid://shopify/MediaImage/69454206337408,player-web-icon-player-v.26.png,UPDATE,Icon of a Voxblock player
gid://shopify/MediaImage/69453659963776,player-web-media-image-v.26.png,UPDATE,"Two children lying on the floor with headphones, choosing an audiobook from a Voxblock travel case"
gid://shopify/MediaImage/69456117236096,player-web-multi-05years-v.26_1.png,UPDATE,Toddler lying on a play mat with headphones and a red Voxblock player among wooden toys
gid://shopify/MediaImage/69456120938880,player-web-multi-58years-v.26_1.png,UPDATE,"Boy lying on a rug with teal headphones, a Voxblock player and two audiobooks"
gid://shopify/MediaImage/69456183820672,player-web-multi-812years-v.26_1.png,UPDATE,Two children sharing a Voxblock player playing The Enchanted Wood
gid://shopify/MediaImage/27417795657883,press-pack-voxblock-founders-photo.jpg,UPDATE,"Voxblock's two founders in front of a wall of bookshelves, holding a Voxblock player"
gid://shopify/MediaImage/67111017120128,referral-lifestyle-image-v1.25.png,UPDATE,"Two children lying head to head with headphones, sharing a Voxblock player playing a Roald Dahl audiobook"
gid://shopify/MediaImage/67111080657280,referral-timeline-image-1-v1.25_1.png,UPDATE,Scottish Book Trust fundraising graphic: we have pledged £20 so far
gid://shopify/MediaImage/67111116439936,referral-timeline-image-1-v1.25_2.png,UPDATE,Scottish Book Trust fundraising graphic: how much can we raise in January?
gid://shopify/MediaImage/67111189512576,referral-timeline-image-3-v1.25.png,UPDATE,Scottish Book Trust fundraising graphic: we want to pledge £1000 by December 2026
gid://shopify/MediaImage/67110656311680,referrals-header-mob-v1.25.png,UPDATE,"Voxblock tokens, headphones, a travel case and audiobooks"
gid://shopify/MediaImage/67110596706688,referrals-header-web-v1.25.png,UPDATE,"Voxblock tokens, headphones, a travel case and audiobooks"
gid://shopify/MediaImage/29736055898267,school_logo_1.png,UPDATE,Sand Hutton School logo
gid://shopify/MediaImage/29736055996571,school_logo_2.png,UPDATE,Haddington Primary School logo
gid://shopify/MediaImage/29736056029339,school_logo_3.png,UPDATE,Warthill Church of England School logo
gid://shopify/MediaImage/29736055931035,school_logo_4.png,UPDATE,Boston Endeavour Academy logo
gid://shopify/MediaImage/29736056062107,school_logo_5.png,UPDATE,School crest with the motto Sequamur
gid://shopify/MediaImage/29736055963803,school_logo_6.png,UPDATE,Speenhamland Primary School logo
gid://shopify/MediaImage/29735982530715,school_packages_tiers_1.png,UPDATE,"School pack pricing: mini £300, small £580, medium £850 and large £1100 excluding VAT, with the number of players, audiobooks and accessories in each"
gid://shopify/MediaImage/29791355109531,school_website_banner.png,UPDATE,Voxblock player and audiobooks on a classroom desk with pencils and worksheets
gid://shopify/MediaImage/65359092416896,stockist-darling-reads-link-image-v1.25.png,UPDATE,"Inside Darling Reads bookshop, with a children's book display"
gid://shopify/MediaImage/65359084421504,stockist-mainstreet-link-v1.25.png,UPDATE,Voxblock players and audiobooks on display at The Mainstreet Trading Company
gid://shopify/MediaImage/65359082160512,stockist-night-owl-link-v1.25.png,UPDATE,The shopfront of Night Owl Books
gid://shopify/MediaImage/65359086387584,stockist-reading-room-link-v1.25.png,UPDATE,The shopfront of The Reading Room bookshop
gid://shopify/MediaImage/65359088877952,stockist-wee-bookshop-link-v1.25.png,UPDATE,The lit shopfront of The Wee Bookshop
gid://shopify/MediaImage/30608548266139,under5s-image-link-category-200x150.jpg,UPDATE,Toddler lying on a playmat with green headphones and a red Voxblock player
gid://shopify/MediaImage/29621147992219,voxblock-rating-4_9out-of-5.png,UPDATE,Rated 4.9 out of 5 on Trustpilot
gid://shopify/MediaImage/70597778407808,voxblock-rotating.webp,UPDATE,Voxblock player with an orange bumper playing Charlie and the Chocolate Factory
gid://shopify/MediaImage/29638866960539,player-flatlay-bundle-web-2048x2048.jpg,UPDATE,"Voxblock player with a green bumper and a spare orange bumper, with audiobooks including The Boy Who Dreamed of Dragons and Famous Five"
gid://shopify/MediaImage/30376100102299,3D-FRONT-A-Place-Called-Perfect.png,UPDATE,A Place Called Perfect audiobook front cover
gid://shopify/MediaImage/65534987141504,3D-FRONT-coming-soon-generic.png,UPDATE,Audiobook cover artwork coming soon
gid://shopify/MediaImage/30861735559323,book-library-long.png,UPDATE,"A grid of Voxblock audiobook covers, captioned hundreds of audiobooks to choose from"
gid://shopify/MediaImage/31087626322075,book-library-long_a380fb63-9982-4d90-9a84-935a00323003.png,UPDATE,"A grid of Voxblock audiobook covers, captioned hundreds of audiobooks to choose from"
gid://shopify/MediaImage/30852773806235,download.gif,UPDATE,Voxblock player with an orange bumper playing Charlie and the Chocolate Factory
gid://shopify/MediaImage/29638863224987,player-audio-image-web-2048x2048.jpg,UPDATE,Listen aloud or quietly with headphones: a Voxblock player with a green bumper
gid://shopify/MediaImage/29638865092763,player-bookmark-web-2048x2048.jpg,UPDATE,"Never lose your place, with bookmarking and audio skipping: close-up of the Voxblock player controls"
gid://shopify/MediaImage/30367969214619,player-feature-sleep-mode-2048x2048.jpg,UPDATE,Bedtime mode quietly switches off after 20 minutes: a Voxblock player beside a sleeping child
gid://shopify/MediaImage/29638866403483,player-flatlay-web-2048x2048.jpg,UPDATE,"Voxblock players with red and green bumpers, with audiobooks including James and the Giant Peach and Famous Five"
gid://shopify/MediaImage/29638871777435,player-girl-listening-2048x2048.png,UPDATE,Girl lying on a bed listening to a Voxblock player with a teal bumper
gid://shopify/MediaImage/29638864568475,player-recharge-web-2048x2048.jpg,UPDATE,Rechargeable: the Voxblock player includes a USB to USB-C charging cable
gid://shopify/MediaImage/63541015052672,player_lifestyle_5_2048x2048_ed045bf9-9606-4ca3-9b4d-47081b8e8575.png,UPDATE,Girl lying on a bed beside a Voxblock player with a teal bumper
gid://shopify/MediaImage/63537772724608,product-book-library-lifestyle-300x510_832ee6a5-b37b-4754-a31e-d527d4db2931.png,UPDATE,"A grid of Voxblock audiobook covers, captioned hundreds of stories to choose from"
gid://shopify/MediaImage/63539748340096,product-literacy-ladder-infographic.png,UPDATE,Venn diagram showing audio resources and literacy development overlapping in enhanced engagement and comprehension
gid://shopify/MediaImage/28760896012443,school_flatlay.jpg,UPDATE,"Voxblock player and audiobooks on a school desk with coloured pencils, pens and notebooks"
